features,importance
TOTAL_READ_OPS,0.5748972296714783
TOTAL_POSIX_OPENS,0.13941849768161774
TOTAL_MPIIO_COLL_OPENS,0.09311369806528091
TOTAL_IO_OPS,0.07085787504911423
NPROCS,0.0757141187787056
TOTAL_IO,0.027204127982258797
TOTAL_MD_OPS,0.018794452771544456
