,SMALL_READ,MEDIUM_READ,LARGE_READ,SMALL_WRITE,MEDIUM_WRITE,LARGE_WRITE,SMALL_IO,MEDIUM_IO,LARGE_IO,BYTES_READ,BYTES_WRITTEN,MD_HEAVINESS,READ_HEAVINESS,WRITE_HEAVINESS,SEQUENTIALITY,SCALE,TOTAL_BYTES_READ,TOTAL_BYTES_WRITTEN,TOTAL_READ_OPS,TOTAL_POSIX_OPENS,magnitude,avg,max
3,1.0,,1.0,,,1.0,0.9235835959360226,1.0,,1.0,0.798418533936791,0.9680688250753661,1.0,0.9391993488804384,0.956926406926407,0.834090237056605,0.0,3.0672655621592444,0.0,1.9867038916539221,0.9442072666437523,1.2634923634532917,3.0672655621592444
3,1.0,,1.0,,,1.0,0.9235835959360226,1.0,,1.0,0.5610133284977299,0.9680688250753661,1.0,0.9185557237351395,0.956926406926407,0.834090237056605,0.0,6.679625493564043,0.0,1.9867038916539221,0.9009235955921828,2.1665823463044913,6.679625493564043
3,1.0,,1.0,,,1.0,0.9235835959360226,1.0,,1.0,0.48187825965545117,0.9680688250753661,1.0,0.8979119730899969,0.956926406926407,0.834090237056605,0.0,7.883745476216175,0.0,1.9867038916539221,0.8851620209947754,2.4676123419675244,7.883745476216175
3,1.0,,1.0,,,1.0,0.9235835959360226,1.0,,1.0,0.42252695802356977,0.9680688250753661,1.0,0.8979119730899969,0.956926406926407,0.834090237056605,0.0,8.786835463207897,0.0,1.9867038916539221,0.8748412301928293,2.693384838715455,8.786835463207897
3,1.0,,1.0,,,1.0,0.9235835959360226,1.0,,1.0,0.4423107252341998,0.9680688250753661,1.0,0.8979119730899969,0.956926406926407,0.834090237056605,0.0,8.485805467543948,0.0,1.9867038916539221,0.8782814937934785,2.6181273397994675,8.485805467543948
