{"total_reads": {"val": 30097},
 "total_writes": {"val": 30074},
 "total_bytes_read": {"val": 4800029222},
 "total_bytes_written": {"val": 4800016794},
 "read_time": {"val": 1.384383201599121},
 "write_time": {"val": 3.0443003177642822},
 "total_consec_reads": {"val": 9985},
 "total_consec_writes": {"val": 10009},
 "max_byte_read": {"val": 1600008191},
 "max_byte_written": {"val": 1600008191},
 "max_read_time": {"val": 0.0007560253143310547},
 "max_read_time_size": {"val": 160000},
 "max_write_time": {"val": 0.00030803680419921875},
 "max_write_time_size": {"val": 160000}}
