{"read_heavy": {"val": 0.79261905},
 "write_heavy": {"val": 0.22738095}}
