{"read_heavy": 0.79261905,
 "write_heavy": 0.22738095}
